hour,minute,SoC
8,0,1.282571325
8,30,5.885622325
9,0,12.8169071
9,30,21.05517625
10,0,33.3101372
10,30,44.84932011