hour,minute,SoC
0,0,0.373779725
0,30,2.09255885
1,0,6.956656375
1,30,14.73052465
2,0,21.78296435
2,30,23.74765876
3,0,23.51761763
3,30,25.31330898
4,0,26.45066971
4,30,25.76652415
5,0,26.67608191
5,30,22.29729986
6,0,20.59810084
6,30,15.04152607
7,0,12.94035825
7,30,12.47496315
8,0,9.934113449
8,30,6.974576137
8,0,3.209841456
8,30,1.166735319