hour,minute,SoC
15,0,86.55175334
15,30,93.93478211
16,0,99.73062961
16,30,100.0