hour,minute,SoC
3,0,23.51761763
3,30,25.31330898
4,0,26.45066971
4,30,25.76652415
5,0,26.67608191
