hour,minute,SoC
17,0,100.0
17,30,96.70689386
18,0,92.91110774
18,30,76.61532161
19,0,60.31953549
19,30,44.02374936
20,0,33.97796324
20,30,25.22796324
21,0,20.22796324
21,30,18.97796324
22,0,17.72796324
22,30,16.47796324
23,0,15.22796324
23,30,13.97796324
