hour,minute,SoC
0,0,0.373779725
0,30,2.09255885
1,0,6.956656375
1,30,14.73052465
2,0,21.78296435
2,30,23.74765876
